{
    "identityPoolName": "ajonpcatchat2acaeaf7_identitypool_2acaeaf7",
    "allowUnauthenticatedIdentities": false,
    "resourceNameTruncated": "ajonpc2acaeaf7",
    "userPoolName": "ajonpcatchat2acaeaf7_userpool_2acaeaf7",
    "autoVerifiedAttributes": [
        "email"
    ],
    "mfaConfiguration": "OFF",
    "mfaTypes": [
        "SMS Text Message"
    ],
    "smsAuthenticationMessage": "Your authentication code is {####}",
    "smsVerificationMessage": "Your verification code is {####}",
    "emailVerificationSubject": "Your verification code",
    "emailVerificationMessage": "Your verification code is {####}",
    "defaultPasswordPolicy": false,
    "passwordPolicyMinLength": 8,
    "passwordPolicyCharacters": [],
    "requiredAttributes": [
        "email"
    ],
    "userpoolClientGenerateSecret": true,
    "userpoolClientRefreshTokenValidity": 30,
    "userpoolClientWriteAttributes": [
        "email"
    ],
    "userpoolClientReadAttributes": [
        "email"
    ],
    "userpoolClientLambdaRole": "ajonpc2acaeaf7_userpoolclient_lambda_role",
    "userpoolClientSetAttributes": false,
    "resourceName": "ajonpcatchat2acaeaf7",
    "authSelections": "identityPoolAndUserPool",
    "authRoleArn": {
        "Fn::GetAtt": [
            "AuthRole",
            "Arn"
        ]
    },
    "unauthRoleArn": {
        "Fn::GetAtt": [
            "UnauthRole",
            "Arn"
        ]
    },
    "useDefault": "defaultSocial",
    "hostedUI": true,
    "usernameAttributes": [
        "email"
    ],
    "hostedUIDomainName": "ajonpcatchat2acaeaf7-2acaeaf7",
    "authProvidersUserPool": [
        "Google",
        "LoginWithAmazon"
    ],
    "hostedUIProviderMeta": "[{\"ProviderName\":\"Google\",\"authorize_scopes\":\"openid email profile\",\"AttributeMapping\":{\"email\":\"email\",\"username\":\"sub\"}},{\"ProviderName\":\"LoginWithAmazon\",\"authorize_scopes\":\"profile profile:user_id\",\"AttributeMapping\":{\"email\":\"email\",\"username\":\"user_id\"}}]",
    "oAuthMetadata": "{\"AllowedOAuthFlows\":[\"code\"],\"AllowedOAuthScopes\":[\"phone\",\"email\",\"openid\",\"profile\",\"aws.cognito.signin.user.admin\"],\"CallbackURLs\":[\"http://localhost:8000/signin/\"],\"LogoutURLs\":[\"http://localhost:8000/signout/\"]}",
    "userPoolGroupList": [],
    "dependsOn": []
}