[
    {
        "groupName": "Admin",
        "precedence": 1,
        "customPolicies": [
            {
                "PolicyName": "ajonpcatchat2acaeaf7-admin-group-policy",
                "PolicyDocument": {
                    "Version": "2012-10-17",
                    "Statement": [
                        {
                            "Sid": "VisualEditor0",
                            "Effect": "Allow",
                            "Action": [
                                "s3:PutObject",
                                "s3:DeleteObject"
                            ],
                            "Resource": "arn:aws:s3:::ajonpcatchatvod-dev-input-x0wh29iv/public/*"
                        }
                    ]
                }
            }
        ]
    }
]